player,pos,salary,teamJayson Werth,RF,16571429,WASRyan Zimmerman,3B,14100000,WASDan Haren,SP,1.30E+07,WASRafael Soriano,RP,1.10E+07,WASAdam LaRoche,1B,1.00E+07,WASKurt Suzuki,C,6487500,WASGio Gonzalez,SP,6350000,WASJordan Zimmermann,SP,5350000,WASDenard Span,CF,4750000,WASTyler Clippard,RP,4.00E+06,WASStephen Strasburg,SP,3900000,WASIan Desmond,SS,3800000,WASDrew Storen,RP,2500000,WASRoss Detwiler,SP,2337500,WASYunesky Maya,DNP,2.00E+06,WASBryce Harper,LF,2.00E+06,WASAnthony Rendon,3B,1800000,WASRoger Bernadina,PH,1212500,WASMatt Purke,DNP,1037500,WASChad Tracy,PH,1.00E+06,WASCraig Stammen,RP,875000,WASZach Duke,RP,7.00E+05,WASDanny Espinosa,2B,526250,WASRyan Mattheus,RP,504500,WASSteve Lombardozzi,PH,501250,WASWilson Ramos,C,501250,WASHenry Rodriguez,RP,501000,WASTyler Moore,PH,493000,WASChristian Garcia,DNP,491000,WASJose Bautista,RF,1.40E+07,TORJosh Johnson,SP,13750000,TORMark Buehrle,SP,1.20E+07,TORJose Reyes,SS,1.00E+07,TOREdwin Encarnacion,1B,8.00E+06,TORMelky Cabrera,LF,8.00E+06,TORBrandon Morrow,SP,8.00E+06,TORRicky Romero,SP,7750000,TORR.A. Dickey,SP,5250000,TORAdam Lind,DH,5150000,TORColby Rasmus,CF,4675000,TORCasey Janssen,RP,3900000,TORJ.A. Happ,SP,3700000,TORDarren Oliver,RP,3.00E+06,TORMaicer Izturis,2B,3.00E+06,TORSergio Santos,RP,2750000,TOREmilio Bonifacio,2B,2600000,TORRajai Davis,RF,2500000,TORDustin McGowan,DNP,1500000,TORJosh Thole,DNP,1250000,TORHenry Blanco,C,750000,TORMark DeRosa,3B,750000,TORBrett Cecil,RP,510000,TOREsmil Rogers,RP,509000,TORJ.P. Arencibia,C,505600,TORLuis Perez,DNP,5.00E+05,TORBrett Lawrie,3B,5.00E+05,TORKyle Drabek,DNP,499500,TORSteve Delabar,RP,498900,TORMichael Schwimer,DNP,496500,TORJeremy Jeffress,RP,495900,TORAaron Loup,RP,494200,TORDrew Hutchison,DNP,493200,TORAdrian Beltre,3B,1.60E+07,TEXIan Kinsler,2B,1.30E+07,TEXNelson Cruz,RF,10750000,TEXLance Berkman,DH,1.00E+07,TEXYu Darvish,SP,9500000,TEXA.J. Pierzynski,C,7500000,TEXJoe Nathan,RP,7.00E+06,TEXDavid Murphy,LF,5775000,TEXMatt Harrison,SP,5200000,TEXElvis Andrus,SS,5050000,TEXLeonys Martin,CF,3250000,TEXDerek Holland,SP,3200000,TEXNeftali Feliz,DNP,2900000,TEXGeovany Soto,C,2750000,TEXColby Lewis,DNP,2.00E+06,TEXJoakim Soria,DNP,2.00E+06,TEXJeff Baker,LF,1750000,TEXJason Frasor,RP,1500000,TEXDerek Lowe,RP,1250000,TEXAlexi Ogando,SP,506600,TEXMitch Moreland,1B,502700,TEXCraig Gentry,CF,501000,TEXRobbie Ross,RP,497400,TEXJulio Borbon,DH,496000,TEXMichael Kirkman,RP,495800,TEXTanner Scheppers,RP,493600,TEXMartin Perez,DNP,492000,TEXJoe Ortiz,RP,490000,TEXLeury Garcia,SS,490000,TEXDavid Price,SP,10112500,TBAEvan Longoria,3B,6.00E+06,TBABen Zobrist,RF,5640475,TBAYunel Escobar,SS,5.00E+06,TBARoberto Hernandez,SP,3250000,TBAJoel Peralta,RP,3.00E+06,TBAJeff Niemann,DNP,3.00E+06,TBARyan Roberts,2B,2950000,TBALuke Scott,DH,2750000,TBAFernando Rodney,RP,2500000,TBAKelly Johnson,LF,2450000,TBAMatt Joyce,RF,2450000,TBAJames Loney,1B,2.00E+06,TBAJose Molina,C,1800000,TBAKyle Farnsworth,RP,1250000,TBAMatt Moore,SP,1100000,TBASean Rodriguez,LF,1.00E+06,TBAJamey Wright,RP,9.00E+05,TBASam Fuld,LF,725000,TBAShelley Duncan,DH,550000,TBAJake McGee,RP,506200,TBAJeremy Hellickson,SP,503000,TBAAlex Cobb,SP,502200,TBADesmond Jennings,CF,501800,TBACesar Ramos,RP,501300,TBAJose Lobaton,C,496500,TBAJuan Oviedo,DNP,490000,TBAMatt Holliday,LF,1.70E+07,SLNYadier Molina,C,14200000,SLNCarlos Beltran,RF,1.30E+07,SLNChris Carpenter,DNP,12500000,SLNAdam Wainwright,SP,1.20E+07,SLNJake Westbrook,SP,8750000,SLNRafael Furcal,DNP,7500000,SLNJaime Garcia,SP,5875000,SLNJason Motte,DNP,4500000,SLNEdward Mujica,RP,3200000,SLNDavid Freese,3B,3150000,SLNTy Wigginton,PH,2500000,SLNAllen Craig,1B,1750000,SLNRandy Choate,RP,1500000,SLNMitchell Boggs,RP,1475000,SLNMarc Rzepczynski,RP,1100000,SLNJon Jay,CF,524000,SLNLance Lynn,SP,513000,SLNFernando Salas,RP,512000,SLNDaniel Descalso,2B,511000,SLNMatt Carpenter,2B,504000,SLNTony Cruz,PH,503000,SLNShane Robinson,RF,498000,SLNShelby Miller,SP,490000,SLNTrevor Rosenthal,RP,490000,SLNRyan Jackson,PH,490000,SLNPete Kozma,SS,490000,SLNJoe Kelly,RP,490000,SLNMatt Adams,1B,490000,SLNFelix Hernandez,SP,19857143,SEAChone Figgins,DNP,8500000,SEAFranklin Gutierrez,CF,7312500,SEAMichael Morse,RF,7.00E+06,SEAJoe Saunders,SP,6500000,SEAHisashi Iwakuma,SP,6500000,SEAKendrys Morales,DH,5250000,SEABrendan Ryan,SS,3250000,SEARaul Ibanez,LF,2750000,SEADustin Ackley,2B,2700000,SEADanny Hultzen,DNP,1700000,SEARobert Andino,SS,1600000,SEAOliver Perez,RP,1500000,SEAKelly Shoppach,C,1500000,SEAKameron Loe,RP,1050000,SEAJason Bay,LF,1.00E+06,SEAJosh Kinney,DNP,7.00E+05,SEAJustin Smoak,1B,514000,SEAMichael Saunders,CF,512600,SEAKyle Seager,3B,510400,SEATom Wilhelmsen,RP,509100,SEABlake Beavan,SP,506700,SEACasper Wells,DNP,505400,SEACharlie Furbush,RP,504500,SEAJesus Montero,C,503300,SEALucas Luetge,RP,495500,SEAStephen Pryor,RP,492200,SEACarter Capps,RP,491700,SEABrandon Maurer,SP,490000,SEATim Lincecum,SP,22250000,SFNMatt Cain,SP,20833333,SFNBarry Zito,SP,2.00E+07,SFNHunter Pence,RF,13800000,SFNAngel Pagan,CF,8250000,SFNMarco Scutaro,2B,6666667,SFNJeremy Affeldt,RP,6.00E+06,SFNPablo Sandoval,3B,5700000,SFNRyan Vogelsong,SP,5.00E+06,SFNSantiago Casilla,RP,4500000,SFNJavier Lopez,RP,4250000,SFNBuster Posey,C,3777777,SFNSergio Romo,RP,3500000,SFNAndres Torres,LF,2.00E+06,SFNJose Mijares,RP,1800000,SFNGregor Blanco,LF,1350000,SFNMadison Bumgarner,SP,950000,SFNJoaquin Arias,3B,925000,SFNChad Gaudin,RP,750000,SFNGuillermo Quiroz,C,575000,SFNBrandon Belt,1B,531500,SFNBrandon Crawford,SS,530000,SFNHector Sanchez,PH,502500,SFNTony Abreu,DNP,498000,SFNGeorge Kontos,RP,494500,SFNBrett Pill,DNP,494000,SFNEric Surkamp,DNP,490500,SFNNick Noonan,PH,490000,SFNCarlos Quentin,LF,9500000,SDNChase Headley,3B,8575000,SDNHuston Street,RP,7.00E+06,SDNEdinson Volquez,SP,5725000,SDNClayton Richard,SP,5240000,SDNLuke Gregerson,RP,3200000,SDNCameron Maybin,CF,3100000,SDNJason Marquis,SP,3.00E+06,SDNNick Hundley,C,3.00E+06,SDNWill Venable,CF,2675000,SDNChris Denorfia,RF,2.00E+06,SDNJoe Thatcher,RP,1350000,SDNEverth Cabrera,SS,1275000,SDNMark Kotsay,PH,1250000,SDNYasmani Grandal,DNP,1240000,SDNCory Luebke,DNP,1125000,SDNYonder Alonso,1B,1120000,SDNJohn Baker,C,930000,SDNCody Ransom,3B,550000,SDNEric Stults,SP,507600,SDNAnthony Bass,RP,503600,SDNJesus Guzman,PH,503200,SDNAndrew Cashner,SP,500800,SDNTyson Ross,SP,500500,SDNLogan Forsythe,DNP,499000,SDNDale Thayer,RP,498900,SDNBrad Brach,RP,498200,SDNAlexi Amarista,2B,497400,SDNJoe Wieland,DNP,494300,SDNJames Darnell,DNP,493700,SDNCasey Kelly,DNP,491400,SDNJedd Gyorko,2B,490000,SDNWandy Rodriguez,SP,8500000,PITA.J. Burnett,SP,8.00E+06,PITRussell Martin,C,7500000,PITClint Barmes,SS,5500000,PITAndrew McCutchen,CF,4708333,PITGarrett Jones,1B,4500000,PITNeil Walker,2B,3300000,PITJames McDonald,SP,3025000,PITJeff Karstens,DNP,2500000,PITJason Grilli,RP,2500000,PITCharlie Morton,DNP,2.00E+06,PITGaby Sanchez,1B,1750000,PITJohn McDonald,SS,1500000,PITJonathan Sanchez,SP,1375000,PITBrandon Inge,2B,1250000,PITJose Tabata,RF,1166667,PITFrancisco Liriano,SP,1.00E+06,PITPedro Alvarez,3B,7.00E+05,PITMark Melancon,RP,521000,PITTony Watson,RP,505500,PITMichael McKenry,C,505000,PITTravis Snider,RF,505000,PITJared Hughes,RP,504500,PITJosh Harrison,PH,503000,PITChris Leroux,RP,502000,PITJeanmar Gomez,RP,5.00E+05,PITStarling Marte,LF,5.00E+05,PITJeff Locke,SP,497500,PITJustin Wilson,RP,493500,PITChase d'Arnaud,DNP,493000,PITCliff Lee,SP,2.50E+07,PHICole Hamels,SP,20500000,PHIRoy Halladay,SP,2.00E+07,PHIRyan Howard,1B,2.00E+07,PHIChase Utley,2B,15285714,PHIJonathan Papelbon,RP,1.30E+07,PHIJimmy Rollins,SS,1.10E+07,PHIMichael Young,3B,7200000,PHIMike Adams,RP,5.00E+06,PHICarlos Ruiz,C,5.00E+06,PHIKyle Kendrick,SP,4500000,PHIJohn Lannan,SP,2500000,PHIAntonio Bastardo,RP,1400000,PHILaynce Nix,PH,1350000,PHIHumberto Quintero,C,9.00E+05,PHIChad Durbin,RP,850000,PHIKevin Frandsen,PH,850000,PHIDelmon Young,RF,750000,PHIJohn Mayberry,RF,517000,PHIBen Revere,CF,515000,PHIRaul Valdes,RP,505000,PHIDomonic Brown,LF,5.00E+05,PHIJeremy Horst,RP,497000,PHIErik Kratz,C,496000,PHIPhillippe Aumont,RP,490000,PHIEnder Inciarte,DNP,490000,PHIFreddy Galvis,PH,490000,PHIChris Young,CF,8700000,OAKYoenis Cespedes,CF,8500000,OAKCoco Crisp,CF,7.00E+06,OAKBrett Anderson,SP,5750000,OAKGrant Balfour,RP,4500000,OAKSeth Smith,LF,3675000,OAKBartolo Colon,SP,3.00E+06,OAKHiroyuki Nakajima,DNP,2875000,OAKJed Lowrie,SS,2400000,OAKJohn Jaso,C,1800000,OAKBrandon Moss,1B,1600000,OAKChris Resop,RP,1350000,OAKDaric Barton,1B,1100000,OAKJerry Blevins,RP,1100000,OAKPat Neshek,RP,975000,OAKAdam Rosales,SS,7.00E+05,OAKJosh Reddick,RF,510000,OAKRyan Cook,RP,505000,OAKScott Sizemore,2B,5.00E+05,OAKTommy Milone,SP,495000,OAKEvan Scribner,RP,495000,OAKJarrod Parker,SP,495000,OAKEric Sogard,2B,495000,OAKDerek Norris,C,492500,OAKJosh Donaldson,3B,492500,OAKDan Straily,SP,492500,OAKSean Doolittle,RP,492500,OAKA.J. Griffin,SP,492500,OAKFernando Rodriguez,DNP,492000,OAKNathan Freiman,1B,490000,OAKAlex Rodriguez,DNP,2.90E+07,NYAMark Teixeira,DNP,23125000,NYACC Sabathia,SP,2.30E+07,NYADerek Jeter,DNP,1.70E+07,NYAHiroki Kuroda,SP,1.50E+07,NYACurtis Granderson,DNP,1.50E+07,NYARobinson Cano,2B,1.50E+07,NYAKevin Youkilis,3B,1.20E+07,NYAAndy Pettitte,SP,1.20E+07,NYAVernon Wells,LF,11500000,NYAMariano Rivera,RP,1.00E+07,NYAPhil Hughes,SP,7150000,NYAIchiro Suzuki,RF,6500000,NYABoone Logan,RP,3150000,NYADavid Robertson,RP,3100000,NYABrett Gardner,CF,2850000,NYATravis Hafner,DH,2.00E+06,NYAJoba Chamberlain,RP,1875000,NYABrennan Boesch,RF,1500000,NYALyle Overbay,1B,1250000,NYABen Francisco,DH,1100000,NYAShawn Kelley,RP,935000,NYAJayson Nix,3B,9.00E+05,NYAIvan Nova,SP,575600,NYAEduardo Nunez,SS,533300,NYAMichael Pineda,DNP,528475,NYAFrancisco Cervelli,C,515350,NYAChris Stewart,C,515100,NYADavid Phelps,RP,512425,NYACody Eppley,RP,510350,NYAAdam Warren,RP,490525,NYACesar Cabral,DNP,490000,NYAJohan Santana,DNP,25500000,NYNDavid Wright,3B,1.10E+07,NYNFrank Francisco,DNP,6500000,NYNJohn Buck,C,6500000,NYNShaun Marcum,SP,4.00E+06,NYNIke Davis,1B,3125000,NYNJon Niese,SP,3050000,NYNDaniel Murphy,2B,2925000,NYNBobby Parnell,RP,1700000,NYNLaTroy Hawkins,RP,1.00E+06,NYNBrandon Lyon,RP,750000,NYNScott Atchison,RP,7.00E+05,NYNMarlon Byrd,RF,7.00E+05,NYNGreg Burke,RP,550000,NYNScott Rice,RP,535000,NYNDillon Gee,SP,527375,NYNLucas Duda,LF,519240,NYNRuben Tejada,SS,514701,NYNJustin Turner,PH,504547,NYNJeremy Hefner,SP,500625,NYNMike Baxter,RF,500318,NYNMatt Harvey,SP,498750,NYNKirk Nieuwenhuis,CF,498124,NYNJordany Valdespin,CF,496645,NYNJenrry Mejia,DNP,494925,NYNJosh Edgin,RP,493500,NYNCollin Cowgill,CF,493250,NYNJeurys Familia,RP,491750,NYNAnthony Recker,C,490840,NYNJoe Mauer,C,2.30E+07,MINJustin Morneau,1B,1.50E+07,MINJosh Willingham,LF,7.00E+06,MINNick Blackburn,DNP,5500000,MINKevin Correia,SP,4500000,MINMike Pelfrey,SP,4.00E+06,MINJamey Carroll,2B,3750000,MINRyan Doumit,DH,3500000,MINGlen Perkins,RP,2500000,MINJared Burton,RP,2050000,MINBrian Duensing,RP,1300000,MINDrew Butera,DNP,7.00E+05,MINTim Wood,DNP,675000,MINScott Diamond,SP,530000,MINVance Worley,SP,525000,MINTrevor Plouffe,3B,520000,MINJosh Roenicke,RP,505000,MINAnthony Swarzak,RP,502500,MINLiam Hendriks,SP,5.00E+05,MINCasey Fien,RP,5.00E+05,MINCole De Vries,DNP,5.00E+05,MINDarin Mastroianni,LF,5.00E+05,MINBrian Dozier,2B,497500,MINTyler Robertson,RP,497500,MINChris Parmelee,RF,497500,MINPedro Florimon Jr.,SS,495000,MINEduardo Escobar,SS,495000,MINRyan Pressly,RP,490000,MINAaron Hicks,CF,490000,MINWilkin Ramirez,PH,490000,MINKyle Lohse,SP,1.10E+07,MILRickie Weeks,2B,1.10E+07,MILCorey Hart,DNP,10333333,MILAramis Ramirez,3B,1.00E+07,MILRyan Braun,LF,9500000,MILYovani Gallardo,SP,8.00E+06,MILJohn Axford,RP,5.00E+06,MILCarlos Gomez,CF,4300000,MILTom Gorzelanny,RP,2750000,MILMichael Gonzalez,RP,2250000,MILMarco Estrada,SP,1955000,MILBurke Badenhop,RP,1550000,MILAlex Gonzalez,1B,1450000,MILNorichika Aoki,RF,1250000,MILYuniesky Betancourt,3B,9.00E+05,MILJonathan Lucroy,C,850000,MILChris Narveson,RP,840000,MILMike Fiers,SP,498000,MILMartin Maldonado,C,494000,MILJim Henderson,RP,492000,MILJean Segura,SS,492000,MILBrandon Kintzler,RP,491000,MILTaylor Green,DNP,491000,MILMark Rogers,DNP,491000,MILMat Gamel,DNP,491000,MILJeff Bianchi,3B,490000,MILKhris Davis,PH,490000,MILWily Peralta,SP,490000,MILLogan Schafer,PH,490000,MILRicky Nolasco,SP,11500000,MIAPlacido Polanco,3B,2750000,MIAAdeiny Hechavarria,SS,2750000,MIAGreg Dobbs,1B,1600000,MIAJuan Pierre,LF,1600000,MIAJeff Mathis,DNP,1500000,MIAJacob Turner,DNP,1175000,MIAChad Qualls,RP,1150000,MIAJon Rauch,RP,1.00E+06,MIARyan Webb,RP,975000,MIAMiguel Olivo,C,8.00E+05,MIAKevin Slowey,SP,750000,MIAAustin Kearns,PH,7.00E+05,MIACasey Kotchman,1B,7.00E+05,MIAJohn Maine,RP,625000,MIAGiancarlo Stanton,RF,537000,MIAHenderson Alvarez,DNP,507900,MIASteve Cishek,RP,505000,MIAChris Coghlan,PH,503500,MIANathan Eovaldi,DNP,502000,MIAChris Valaika,SS,495000,MIAJustin Ruggiano,CF,494500,MIAMichael Dunn,RP,492500,MIAWade LeBlanc,SP,491500,MIALogan Morrison,DNP,491500,MIADonovan Solano,2B,491500,MIAAlejandro Ramos,RP,490000,MIAKyle Skipworth,PH,490000,MIARob Brantly,C,490000,MIAJose Ceda,DNP,490000,MIAJose Fernandez,SP,490000,MIAAlfredo Silverio,DNP,490000,MIAAdrian Gonzalez,1B,21857143,LANCarl Crawford,LF,20857143,LANMatt Kemp,CF,20250000,LANZack Greinke,SP,1.90E+07,LANJosh Beckett,SP,1.70E+07,LANHanley Ramirez,SS,15500000,LANAndre Ethier,RF,13500000,LANTed Lilly,SP,13166667,LANClayton Kershaw,SP,11250000,LANChad Billingsley,SP,1.10E+07,LANJuan Uribe,3B,7.00E+06,LANAaron Harang,DNP,7.00E+06,LANChris Capuano,SP,6.00E+06,LANBrandon League,RP,5500000,LANMark Ellis,2B,5250000,LANMatt Guerrier,RP,4750000,LANJerry Hairston,3B,3750000,LANYasiel Puig,DNP,3714286,LANHyun-jin Ryu,SP,3333333,LANJ.P. Howell,RP,2850000,LANA.J. Ellis,C,2.00E+06,LANSkip Schumaker,LF,1500000,LANNick Punto,2B,1500000,LANRonald Belisario,RP,1450000,LANTony Gwynn,DNP,1150000,LANKenley Jansen,RP,512000,LANScott Elbert,DNP,505000,LANLuis Cruz,3B,505000,LANJustin Sellers,SS,494000,LANTim Federowicz,PH,491000,LANAlex Castellanos,DNP,490500,LANJosh Hamilton,RF,17400000,ANAJered Weaver,SP,16200000,ANAAlbert Pujols,DH,1.60E+07,ANAC.J. Wilson,SP,11500000,ANAHoward Kendrick,2B,9100000,ANAErick Aybar,SS,8750000,ANAJason Vargas,SP,8500000,ANAJoe Blanton,SP,6500000,ANAChris Iannetta,C,5050000,ANAScott Downs,RP,5.00E+06,ANAAlberto Callaspo,3B,4100000,ANATommy Hanson,SP,3725000,ANASean Burnett,RP,3625000,ANARyan Madson,DNP,3500000,ANAJerome Williams,RP,2.00E+06,ANAKevin Jepsen,RP,1181250,ANAMark Lowe,RP,575000,ANAMark Trumbo,1B,540000,ANAErnesto Frieri,RP,530000,ANAPeter Bourjos,CF,512500,ANAMike Trout,LF,510000,ANAHank Conger,C,495000,ANAGarrett Richards,SP,495000,ANAAndrew Romine,SS,492500,ANAAndrew Taylor,DNP,490000,ANAErvin Santana,SP,1.30E+07,KCAJames Shields,SP,10250000,KCAAlex Gordon,LF,9.00E+06,KCABilly Butler,DH,8500000,KCAJeff Francoeur,RF,6750000,KCAJeremy Guthrie,SP,5.00E+06,KCALuke Hochevar,RP,4560000,KCABruce Chen,RP,4500000,KCAAlcides Escobar,SS,3.00E+06,KCAWade Davis,SP,2800000,KCAFelipe Paulino,DNP,1750000,KCANoel Arguelles,DNP,1380000,KCAAaron Crow,RP,1280000,KCAMiguel Tejada,PH,1100000,KCAChris Getz,2B,1050000,KCAGeorge Kottaras,C,1.00E+06,KCASalvador Perez,C,1.00E+06,KCABrett Hayes,DNP,6.00E+05,KCAGreg Holland,RP,539500,KCATim Collins,RP,534500,KCALuis Mendoza,SP,532000,KCAEric Hosmer,1B,528250,KCAMike Moustakas,3B,524500,KCAElliot Johnson,2B,520500,KCAKelvin Herrera,RP,508175,KCADanny Duffy,DNP,505125,KCALorenzo Cain,CF,503175,KCABud Norris,SP,3.00E+06,HOUCarlos Pena,1B,2900000,HOUJose Veras,RP,1850000,HOUErik Bedard,SP,1150000,HOUWesley Wright,RP,1025000,HOUPhilip Humber,SP,8.00E+05,HOURick Ankiel,RF,750000,HOURonny Cedeno,SS,718000,HOUJose Altuve,2B,505700,HOULucas Harrell,SP,500700,HOURhiner Cruz,RP,498000,HOUJ.D. Martinez,LF,497800,HOUAlex White,DNP,497100,HOUJason Castro,C,496600,HOUXavier Cedeno,RP,495900,HOUCarlos Corporan,C,495000,HOUBrett Wallace,1B,495000,HOUMarwin Gonzalez,SS,494400,HOUChris Carter,LF,494000,HOUHector Ambriz,RP,493400,HOUFernando Martinez,LF,493000,HOUJustin Maxwell,CF,492500,HOUMatt Dominguez,3B,491800,HOUBrandon Barnes,RF,491700,HOUBrad Peacock,SP,490000,HOUJosh Fields,RP,490000,HOUPrince Fielder,1B,2.30E+07,DETMiguel Cabrera,3B,2.10E+07,DETJustin Verlander,SP,2.00E+07,DETVictor Martinez,DH,1.30E+07,DETTorii Hunter,RF,1.20E+07,DETAnibal Sanchez,SP,8800000,DETMax Scherzer,SP,6725000,DETJhonny Peralta,SS,6.00E+06,DETJoaquin Benoit,RP,5500000,DETRick Porcello,SP,5100000,DETDoug Fister,SP,4.00E+06,DETOmar Infante,2B,4.00E+06,DETOctavio Dotel,RP,3500000,DETAustin Jackson,CF,3500000,DETAlex Avila,C,2950000,DETRamon Santiago,2B,2100000,DETPhil Coke,RP,1850000,DETDon Kelly,LF,9.00E+05,DETBrayan Pena,C,875000,DETMatt Tuiasosopo,LF,525000,DETAndy Dirks,LF,505000,DETBrayan Villarreal,RP,502500,DETAl Alburquerque,RP,5.00E+05,DETDrew Smyly,RP,498000,DETDarin Downs,RP,494000,DETAvisail Garcia,DNP,490000,DETJorge De La Rosa,SP,1.10E+07,COLMichael Cuddyer,RF,10500000,COLTroy Tulowitzki,SS,1.00E+07,COLCarlos Gonzalez,LF,7928571,COLTodd Helton,1B,5.00E+06,COLRafael Betancourt,RP,4250000,COLMatt Belisle,RP,4100000,COLDexter Fowler,CF,3750000,COLRamon Hernandez,DNP,3200000,COLWilton Lopez,RP,1762500,COLJhoulys Chacin,SP,1650000,COLJeff Francis,SP,1500000,COLChris Volstad,RP,1500000,COLYorvit Torrealba,C,1.00E+06,COLJonathan Herrera,SS,9.00E+05,COLMatt Reynolds,DNP,505500,COLJon Garland,SP,5.00E+05,COLReid Brignac,PH,499000,COLEric Young,RF,492000,COLEdgmer Escalona,RP,491000,COLJordan Pacheco,1B,491000,COLRex Brothers,RP,491000,COLWilin Rosario,C,491000,COLChris Nelson,3B,491000,COLJuan Nicasio,SP,491000,COLAdam Ottavino,RP,491000,COLEdwar Cabrera,DNP,490000,COLJosh Rutledge,2B,490000,COLNick Swisher,1B,1.10E+07,CLEChris Perez,RP,7300000,CLEBrett Myers,SP,7.00E+06,CLEMichael Bourn,CF,7.00E+06,CLEAsdrubal Cabrera,SS,6500000,CLEMark Reynolds,1B,6.00E+06,CLEUbaldo Jimenez,SP,5750000,CLEJustin Masterson,SP,5687500,CLEJoe Smith,RP,3150000,CLEDrew Stubbs,CF,2825000,CLEMike Aviles,SS,2250000,CLEMatt Albers,RP,1750000,CLETrevor Bauer,SP,1183333,CLERich Hill,RP,1.00E+06,CLELou Marson,C,1.00E+06,CLERyan Raburn,RF,1.00E+06,CLECarlos Santana,C,750000,CLEJason Giambi,DH,750000,CLEBlake Wood,DNP,560000,CLEMichael Brantley,LF,526900,CLEJason Kipnis,2B,509000,CLEJosh Tomlin,DNP,501800,CLEBryan Shaw,RP,501700,CLEVinnie Pestano,RP,501000,CLEZach McAllister,SP,496400,CLEFrank Herrmann,DNP,495500,CLELonnie Chisenhall,3B,492900,CLECody Allen,RP,492600,CLENick Hagadone,RP,492100,CLECarlos Carrasco,SP,490000,CLEJoey Votto,1B,1.90E+07,CINBronson Arroyo,SP,16445533,CINBrandon Phillips,2B,1.00E+07,CINJay Bruce,RF,7541667,CINJohnny Cueto,SP,7400000,CINShin-Soo Choo,CF,7375000,CINHomer Bailey,SP,5350000,CINAroldis Chapman,RP,4708333,CINSean Marshall,RP,4500000,CINMat Latos,SP,4250000,CINJonathan Broxton,RP,4.00E+06,CINNick Masset,DNP,3100000,CINMike Leake,SP,3060000,CINRyan Hanigan,C,2150000,CINRyan Ludwick,LF,2.00E+06,CINChris Heisey,LF,1325000,CINJose Arredondo,DNP,1200000,CINJack Hannahan,PH,1.00E+06,CINManny Parra,RP,1.00E+06,CINAlfredo Simon,RP,890000,CINCesar Izturis,PH,8.00E+05,CINTodd Frazier,3B,527500,CINZack Cozart,SS,527500,CINSam LeCure,RP,510000,CINXavier Paul,LF,505000,CINDevin Mesoraco,C,497500,CINJ.J. Hoover,RP,492500,CINJohn Danks,DNP,15750000,CHAAdam Dunn,1B,1.50E+07,CHAJake Peavy,SP,14500000,CHAPaul Konerko,1B,13500000,CHAAlex Rios,RF,1.30E+07,CHAGavin Floyd,SP,9500000,CHAAlexei Ramirez,SS,7.00E+06,CHAMatt Thornton,RP,5500000,CHAJesse Crain,RP,4500000,CHAJeff Keppinger,2B,3500000,CHAGordon Beckham,2B,2925000,CHADayan Viciedo,LF,2800000,CHAMatt Lindstrom,RP,2300000,CHAAlejandro De Aza,LF,2075000,CHAChris Sale,SP,850000,CHADewayne Wise,CF,7.00E+05,CHAAddison Reed,RP,520000,CHATyler Flowers,C,510000,CHANathan Jones,RP,507500,CHAAngel Sanchez,2B,505000,CHAHector Santiago,RP,505000,CHAJose Quintana,SP,5.00E+05,CHADonnie Veal,RP,497500,CHAHector Gimenez,C,493000,CHADylan Axelrod,SP,493000,CHALeyson Septimo,DNP,493000,CHAConor Gillaspie,3B,490500,CHAAlfonso Soriano,LF,1.90E+07,CHNEdwin Jackson,SP,1.30E+07,CHNMatt Garza,DNP,10250000,CHNCarlos Marmol,RP,9800000,CHNScott Feldman,SP,6.00E+06,CHNStarlin Castro,SS,5857143,CHNScott Baker,DNP,5500000,CHNCarlos Villanueva,SP,5.00E+06,CHNKyuji Fujikawa,RP,4500000,CHNDavid DeJesus,CF,4250000,CHNJeff Samardzija,SP,2640000,CHNScott Hairston,PH,2500000,CHNNate Schierholtz,RF,2250000,CHNIan Stewart,DNP,2.00E+06,CHNDioner Navarro,PH,1750000,CHNJorge Soler,DNP,1666667,CHNShawn Camp,RP,1350000,CHNGerardo Concepcion,DNP,1200000,CHNJames Russell,RP,1075000,CHNHisanori Takahashi,RP,1.00E+06,CHNLuis Valbuena,3B,930000,CHNBrent Lillibridge,2B,750000,CHNDarwin Barney,2B,562000,CHNTravis Wood,SP,527500,CHNMichael Bowden,RP,509500,CHNWelington Castillo,C,503000,CHNAnthony Rizzo,1B,498000,CHNSteve Clevenger,PH,496000,CHNDave Sappelt,CF,492000,CHNArodys Vizcaino,DNP,491000,CHNHector Rondon,RP,490000,CHNJohn Lackey,SP,15950000,BOSDavid Ortiz,DH,14500000,BOSRyan Dempster,SP,13250000,BOSShane Victorino,RF,1.30E+07,BOSJon Lester,SP,11625000,BOSDustin Pedroia,2B,10250000,BOSStephen Drew,SS,9500000,BOSJacoby Ellsbury,CF,9.00E+06,BOSJoel Hanrahan,RP,7040000,BOSClay Buchholz,SP,5750000,BOSJonny Gomes,LF,5.00E+06,BOSMike Napoli,1B,5.00E+06,BOSJarrod Saltalamacchia,C,4500000,BOSKoji Uehara,RP,4250000,BOSAndrew Bailey,RP,4100000,BOSDavid Ross,C,3100000,BOSAlfredo Aceves,SP,2650000,BOSCraig Breslow,RP,2325000,BOSJose Iglesias,SS,2062500,BOSFranklin Morales,DNP,1487500,BOSAndrew Miller,RP,1475000,BOSJunichi Tazawa,RP,815000,BOSFelix Doubront,SP,518500,BOSMike Carp,LF,508500,BOSDaniel Nava,RF,505000,BOSClayton Mortensen,RP,504500,BOSPedro Ciriaco,SS,502500,BOSRyan Kalish,DNP,498000,BOSWill Middlebrooks,3B,498000,BOSJackie Bradley,LF,490000,BOSNick Markakis,RF,15350000,BALBrian Roberts,2B,1.00E+07,BALAdam Jones,CF,8833334,BALJ.J. Hardy,SS,7416667,BALJason Hammel,SP,6750000,BALJim Johnson,RP,6500000,BALMatt Wieters,C,5500000,BALTsuyoshi Wada,DNP,4200000,BALWei-Yin Chen,SP,3655333,BALChris Davis,1B,3300000,BALDarren O'Day,RP,2200000,BALNate McLouth,LF,2.00E+06,BALWilson Betemit,DNP,2.00E+06,BALTommy Hunter,RP,1820000,BALAlexi Casilla,2B,1700000,BALBrian Matusz,RP,1600000,BALDylan Bundy,DNP,1245000,BALLuis Ayala,RP,1.00E+06,BALNolan Reimold,DH,1.00E+06,BALTroy Patton,RP,815000,BALSteve Pearce,DH,7.00E+05,BALTaylor Teagarden,C,650000,BALJake Arrieta,SP,516500,BALChris Tillman,SP,508500,BALPedro Strop,RP,502500,BALMiguel Gonzalez,SP,502000,BALSteve Johnson,SP,495000,BALManny Machado,3B,495000,BALRyan Flaherty,2B,493500,BALT.J. McFarland,RP,490000,BALDan Uggla,2B,13200000,ATLB.J. Upton,CF,13050000,ATLBrian McCann,C,1.20E+07,ATLJustin Upton,LF,9958333,ATLTim Hudson,SP,9.00E+06,ATLPaul Maholm,SP,6500000,ATLEric O'Flaherty,RP,4320000,ATLJason Heyward,RF,3650000,ATLKris Medlen,SP,2600000,ATLChris Johnson,3B,2287500,ATLJonny Venters,DNP,1625000,ATLReed Johnson,PH,1600000,ATLGerald Laird,C,1500000,ATLCristhian Martinez,RP,749750,ATLPaul Janish,DNP,725000,ATLCraig Kimbrel,RP,655000,ATLFreddie Freeman,1B,560000,ATLRamiro Pena,3B,550000,ATLJordan Walden,RP,541500,ATLJordan Schafer,RF,512500,ATLBrandon Beachy,DNP,510000,ATLMike Minor,SP,505000,ATLJuan Francisco,3B,496250,ATLCory Gearrin,RP,491250,ATLAndrelton Simmons,SS,491250,ATLLuis Avilan,RP,491250,ATLJulio Teheran,SP,490000,ATLEvan Gattis,C,490000,ATLAnthony Varvaro,RP,490000,ATLHeath Bell,RP,1.00E+07,ARIMiguel Montero,C,1.00E+07,ARIJason Kubel,LF,7500000,ARIMartin Prado,3B,7.00E+06,ARIJ.J. Putz,RP,6500000,ARICody Ross,RF,6.00E+06,ARITrevor Cahill,SP,5700000,ARIAaron Hill,2B,5500000,ARIBrandon McCarthy,SP,5250000,ARIIan Kennedy,SP,4265000,ARIBrad Ziegler,RP,3150000,ARIEric Chavez,3B,3.00E+06,ARIGerardo Parra,RF,2350000,ARIWillie Bloomquist,DNP,1900000,ARICliff Pennington,SS,1750000,ARIDavid Hernandez,RP,1375000,ARITony Sipp,RP,1275000,ARIEric Hinske,PH,1075000,ARIWil Nieves,C,8.00E+05,ARIJosh Wilson,2B,650000,ARIDaniel Hudson,DNP,518500,ARIJosh Collmenter,RP,504000,ARIWade Miley,SP,500500,ARIPaul Goldschmidt,1B,5.00E+05,ARIPatrick Corbin,SP,494000,ARIAdam Eaton,DNP,491000,ARIDidi Gregorius,SS,491000,ARIA.J. Pollock,CF,491000,ARIAlfredo Marte,PH,490000,ARI